{
  "project_info": {
    "project_number": "646139506754",
    "project_id": "ignite-90e89",
    "storage_bucket": "ignite-90e89.appspot.com"
  },
  "client": [
    {
      "client_info": {
        "mobilesdk_app_id": "1:646139506754:android:230c910972774023d03ddb",
        "android_client_info": {
          "package_name": "com.example.ignite_media"
        }
      },
      "oauth_client": [
        {
          "client_id": "646139506754-offlr01ito2u85vk86s1knl30c4o7vv8.apps.googleusercontent.com",
          "client_type": 1,
          "android_info": {
            "package_name": "com.example.ignite_media",
            "certificate_hash": "2df5275045fdfd248d6f9319380ed5e6ac6258fa"
          }
        },
        {
          "client_id": "646139506754-ihea99snpeimqqlfirntouh9he9g0ns9.apps.googleusercontent.com",
          "client_type": 3
        }
      ],
      "api_key": [
        {
          "current_key": "AIzaSyDxmsoCt7YmiQxwWdSHMUanlsqxzwfWGR4"
        }
      ],
      "services": {
        "appinvite_service": {
          "other_platform_oauth_client": [
            {
              "client_id": "646139506754-ihea99snpeimqqlfirntouh9he9g0ns9.apps.googleusercontent.com",
              "client_type": 3
            }
          ]
        }
      }
    }
  ],
  "configuration_version": "1"
}